{"cameraMode":{"drawMode":0,"name":"Shaded","section":"Shading Mode"},"sceneLighting":false,"audioPlay":false,"sceneViewState":{"m_AlwaysRefresh":false,"showFog":true,"showSkybox":false,"showFlares":true,"showImageEffects":true,"showParticleSystems":true,"showVisualEffectGraphs":true,"m_FxEnabled":true},"in2DMode":false,"pivot":{"x":2.435884952545166,"y":2.238544225692749,"z":0.24510855972766877},"rotation":{"x":0.13643746078014375,"y":0.6841288208961487,"z":-0.13256336748600007,"w":0.7041180729866028},"size":3.6474928855895998,"orthographic":false}