{"cameraMode":{"drawMode":0,"name":"Shaded","section":"Shading Mode"},"sceneLighting":false,"audioPlay":false,"sceneViewState":{"m_AlwaysRefresh":false,"showFog":true,"showSkybox":false,"showFlares":true,"showImageEffects":true,"showParticleSystems":true,"showVisualEffectGraphs":true,"m_FxEnabled":true},"in2DMode":false,"pivot":{"x":2.7148334980010988,"y":1.983205795288086,"z":1.8237247467041016},"rotation":{"x":0.24875417351722718,"y":-0.005811367649585009,"z":0.0014925505965948105,"w":0.9685485363006592},"size":12.344864845275879,"orthographic":false}