{"cameraMode":{"drawMode":0,"name":"Shaded","section":"Shading Mode"},"sceneLighting":false,"audioPlay":false,"sceneViewState":{"m_AlwaysRefresh":false,"showFog":true,"showSkybox":false,"showFlares":true,"showImageEffects":true,"showParticleSystems":true,"showVisualEffectGraphs":true,"m_FxEnabled":true},"in2DMode":false,"pivot":{"x":-9.416315078735352,"y":4.038468837738037,"z":1.9169340133666993},"rotation":{"x":0.24854432046413423,"y":0.11157794296741486,"z":-0.028835102915763856,"w":0.9617426991462708},"size":10.521469116210938,"orthographic":false}